{
	"id": "143",
	"url": "http://www.tvmaze.com/shows/143/silicon-valley",
	"name": "Silicon Valley",
	"type": "Scripted",
	"language": "English",
	"genres": ["Comedy"],
	"status": "Ended",
	"runtime": 30,
	"premiered": "2014-04-06",
	"officialSite": "http://www.hbo.com/silicon-valley/",
	"schedule": {
		"time": "22:00",
		"days": ["Sunday"]
	},
	"rating": {
		"average": 8.5
	},
	"weight": 90,
	"network": {
		"id": "8",
		"name": "HBO",
		"country": {
			"name": "United States",
			"code": "US",
			"timezone": "America/New_York"
		}
	},
	"webChannel": null,
	"externals": {
		"tvrage": 33759,
		"thetvdb": 277165,
		"imdb": "tt2575988"
	},
	"image": {
		"medium": "http://static.tvmaze.com/uploads/images/medium_portrait/215/538434.jpg",
		"original": "http://static.tvmaze.com/uploads/images/original_untouched/215/538434.jpg"
	},
	"summary": "<p>In the high-tech gold rush of modern Silicon Valley, the people most qualified to succeed are the least capable of handling success. From Mike Judge comes this satire about a programmer whose game-changing algorithm becomes the subject of a valley-wide bidding war.</p>",
	"updated": 1598783813,
	"_links": {
		"self": {
			"href": "http://api.tvmaze.com/shows/143"
		},
		"previousepisode": {
			"href": "http://api.tvmaze.com/episodes/1757884"
		}
	},
	"_embedded": {
		"episodes": [{
			"id": "10897",
			"url": "http://www.tvmaze.com/episodes/10897/silicon-valley-1x01-minimum-viable-product",
			"name": "Minimum Viable Product",
			"season": 1,
			"number": 1,
			"airdate": "2014-04-06",
			"airtime": "22:00",
			"airstamp": "2014-04-07T02:00:00+00:00",
			"runtime": 30,
			"image": {
				"medium": "http://static.tvmaze.com/uploads/images/medium_landscape/49/123633.jpg",
				"original": "http://static.tvmaze.com/uploads/images/original_untouched/49/123633.jpg"
			},
			"summary": "<p>Attending an elaborate launch party, Richard and his computer programmer friends - Big Head, Dinesh and Gilfoyle - dream of making it big. Instead, they're living in the communal Hacker Hostel owned by former programmer Erlich, who gets to claim ten percent of anything they invent there. When it becomes clear that Richard has developed a powerful compression algorithm for his website, Pied Piper, he finds himself courted by Gavin Belson, his egomaniacal corporate boss, who offers a $10 million buyout by his firm, Hooli. But Richard holds back when well-known investor Peter Gregory makes a counteroffer.</p>",
			"_links": {
				"self": {
					"href": "http://api.tvmaze.com/episodes/10897"
				}
			}
		}, {
			"id": "10898",
			"url": "http://www.tvmaze.com/episodes/10898/silicon-valley-1x02-the-cap-table",
			"name": "The Cap Table",
			"season": 1,
			"number": 2,
			"airdate": "2014-04-13",
			"airtime": "22:00",
			"airstamp": "2014-04-14T02:00:00+00:00",
			"runtime": 30,
			"image": {
				"medium": "http://static.tvmaze.com/uploads/images/medium_landscape/49/123634.jpg",
				"original": "http://static.tvmaze.com/uploads/images/original_untouched/49/123634.jpg"
			},
			"summary": "<p>After a celebratory party at the Hacker Hostel, Richard and Erlich learn that Peter Gregory won't pay up until they deliver a viable business plan that includes a slimmed-downed staff. A desperate Richard hires former Belson underling Jared, and they set about trying to trim the fat. While Gilfoyle and Dinesh prove essential, Big Head's place in the company is less certain.</p>",
			"_links": {
				"self": {
					"href": "http://api.tvmaze.com/episodes/10898"
				}
			}
		}, {
			"id": "10899",
			"url": "http://www.tvmaze.com/episodes/10899/silicon-valley-1x03-articles-of-incorporation",
			"name": "Articles of Incorporation",
			"season": 1,
			"number": 3,
			"airdate": "2014-04-20",
			"airtime": "22:00",
			"airstamp": "2014-04-21T02:00:00+00:00",
			"runtime": 30,
			"image": {
				"medium": "http://static.tvmaze.com/uploads/images/medium_landscape/49/123635.jpg",
				"original": "http://static.tvmaze.com/uploads/images/original_untouched/49/123635.jpg"
			},
			"summary": "<p>While Gavin Belson begins to hype Nucleus, a competing compression platform, Richard learns that the name Pied Piper is already registered to a sprinkler company, forcing him to negotiate. Meanwhile, Erlich goes on a vision quest for a new company name, and Peter Gregory proves elusive when one of his companies asks for money.</p>",
			"_links": {
				"self": {
					"href": "http://api.tvmaze.com/episodes/10899"
				}
			}
		}, {
			"id": "10900",
			"url": "http://www.tvmaze.com/episodes/10900/silicon-valley-1x04-fiduciary-duties",
			"name": "Fiduciary Duties",
			"season": 1,
			"number": 4,
			"airdate": "2014-04-27",
			"airtime": "22:00",
			"airstamp": "2014-04-28T02:00:00+00:00",
			"runtime": 30,
			"image": {
				"medium": "http://static.tvmaze.com/uploads/images/medium_landscape/49/123636.jpg",
				"original": "http://static.tvmaze.com/uploads/images/original_untouched/49/123636.jpg"
			},
			"summary": "<p>At Peter's toga party, Richard drunkenly promises to make Erlich a board member, which he regrets the next morning. After being unassigned at Hooli, Big Head finds others like him who have made careers out of doing nothing. Richard struggles to put Pied Piper's vision into words for a presentation without Erlich; later, he discovers an interesting connection between Peter and Gavin Belson.</p>",
			"_links": {
				"self": {
					"href": "http://api.tvmaze.com/episodes/10900"
				}
			}
		}, {
			"id": "10901",
			"url": "http://www.tvmaze.com/episodes/10901/silicon-valley-1x05-signaling-risk",
			"name": "Signaling Risk",
			"season": 1,
			"number": 5,
			"airdate": "2014-05-04",
			"airtime": "22:00",
			"airstamp": "2014-05-05T02:00:00+00:00",
			"runtime": 30,
			"image": {
				"medium": "http://static.tvmaze.com/uploads/images/medium_landscape/49/123637.jpg",
				"original": "http://static.tvmaze.com/uploads/images/original_untouched/49/123637.jpg"
			},
			"summary": "<p>Erlich convinces a graffiti artist to create Pied Piper's logo, with controversial results. Jared tries to make the company more efficient. After Gavin Belson and Peter Gregory unexpectedly come face-to-face, Richard learns that he only has eight weeks to prepare for a live demo at TechCrunch Disrupt.</p>",
			"_links": {
				"self": {
					"href": "http://api.tvmaze.com/episodes/10901"
				}
			}
		}, {
			"id": "10902",
			"url": "http://www.tvmaze.com/episodes/10902/silicon-valley-1x06-third-party-insourcing",
			"name": "Third Party Insourcing",
			"season": 1,
			"number": 6,
			"airdate": "2014-05-11",
			"airtime": "22:00",
			"airstamp": "2014-05-12T02:00:00+00:00",
			"runtime": 30,
			"image": {
				"medium": "http://static.tvmaze.com/uploads/images/medium_landscape/49/123638.jpg",
				"original": "http://static.tvmaze.com/uploads/images/original_untouched/49/123638.jpg"
			},
			"summary": "<p>Richard feels threatened when the team hires \"The Carver\", a hacker with a notorious reputation, to help with Pied Piper's cloud. Jared finds himself taken for a ride when he seeks out Peter Gregory's signature. Erlich and Dinesh compete for the attention of Tara, Gilfoyle's visiting girlfriend. Later, Dinesh faces a sexual dilemma.</p>",
			"_links": {
				"self": {
					"href": "http://api.tvmaze.com/episodes/10902"
				}
			}
		}, {
			"id": "10903",
			"url": "http://www.tvmaze.com/episodes/10903/silicon-valley-1x07-proof-of-concept",
			"name": "Proof of Concept",
			"season": 1,
			"number": 7,
			"airdate": "2014-05-18",
			"airtime": "22:00",
			"airstamp": "2014-05-19T02:00:00+00:00",
			"runtime": 30,
			"image": {
				"medium": "http://static.tvmaze.com/uploads/images/medium_landscape/49/123639.jpg",
				"original": "http://static.tvmaze.com/uploads/images/original_untouched/49/123639.jpg"
			},
			"summary": "<p>At TechCrunch Disrupt, Richard feels the pressure to finish his demo, but finds himself distracted by a girl he dated briefly, who's now spreading rumors about him. Jared worries that Monica is taking his place in the company. Dinesh develops a crush on a girl at a neighboring booth. Erlich's scandalous past connection to one of the judges threatens Pied Piper's chances.</p>",
			"_links": {
				"self": {
					"href": "http://api.tvmaze.com/episodes/10903"
				}
			}
		}, {
			"id": "10904",
			"url": "http://www.tvmaze.com/episodes/10904/silicon-valley-1x08-optimal-tip-to-tip-efficiency",
			"name": "Optimal Tip-to-Tip Efficiency",
			"season": 1,
			"number": 8,
			"airdate": "2014-06-01",
			"airtime": "22:00",
			"airstamp": "2014-06-02T02:00:00+00:00",
			"runtime": 30,
			"image": {
				"medium": "http://static.tvmaze.com/uploads/images/medium_landscape/49/123640.jpg",
				"original": "http://static.tvmaze.com/uploads/images/original_untouched/49/123640.jpg"
			},
			"summary": "<p>Poised to compete at TechCrunch Disrupt, the guys of Pied Piper become worried after an impressive presentation by Gavin Belson. As Jared tries to pivot the company, Richard is inspired to make big changes at the last minute.</p>",
			"_links": {
				"self": {
					"href": "http://api.tvmaze.com/episodes/10904"
				}
			}
		}, {
			"id": "117409",
			"url": "http://www.tvmaze.com/episodes/117409/silicon-valley-2x01-sand-hill-shuffle",
			"name": "Sand Hill Shuffle",
			"season": 2,
			"number": 1,
			"airdate": "2015-04-12",
			"airtime": "22:00",
			"airstamp": "2015-04-13T02:00:00+00:00",
			"runtime": 30,
			"image": {
				"medium": "http://static.tvmaze.com/uploads/images/medium_landscape/49/123616.jpg",
				"original": "http://static.tvmaze.com/uploads/images/original_untouched/49/123616.jpg"
			},
			"summary": "<p>Season 2 begins with the Pied Piper guys being wined and dined by every venture capitalist under the sun, while Monica adjusts to a new managing partner at Raviga as the company faces major changes.</p>",
			"_links": {
				"self": {
					"href": "http://api.tvmaze.com/episodes/117409"
				}
			}
		}, {
			"id": "142992",
			"url": "http://www.tvmaze.com/episodes/142992/silicon-valley-2x02-runaway-devaluation",
			"name": "Runaway Devaluation",
			"season": 2,
			"number": 2,
			"airdate": "2015-04-19",
			"airtime": "22:00",
			"airstamp": "2015-04-20T02:00:00+00:00",
			"runtime": 30,
			"image": {
				"medium": "http://static.tvmaze.com/uploads/images/medium_landscape/49/123618.jpg",
				"original": "http://static.tvmaze.com/uploads/images/original_untouched/49/123618.jpg"
			},
			"summary": "<p>Pied Piper could go under if Richard and the guys can't find legal and financial help in the wake of Hooli's bombshell. Meanwhile, Dinesh tries to thwart a fund-raising campaign for his cousin's new app; and Monica tries to keep her interest in Pied Piper separate from her job.</p>",
			"_links": {
				"self": {
					"href": "http://api.tvmaze.com/episodes/142992"
				}
			}
		}, {
			"id": "142993",
			"url": "http://www.tvmaze.com/episodes/142993/silicon-valley-2x03-bad-money",
			"name": "Bad Money",
			"season": 2,
			"number": 3,
			"airdate": "2015-04-26",
			"airtime": "22:00",
			"airstamp": "2015-04-27T02:00:00+00:00",
			"runtime": 30,
			"image": {
				"medium": "http://static.tvmaze.com/uploads/images/medium_landscape/49/123619.jpg",
				"original": "http://static.tvmaze.com/uploads/images/original_untouched/49/123619.jpg"
			},
			"summary": "<p>Richard mulls a proposal by Gavin, but also considers a pitch from Russ Hanneman about backing Pied Piper. Meanwhile, Monica learns surprising news about Richard's deal with Hooli; and Gilfoyle and Dinesh go to extremes to get what they want.</p>",
			"_links": {
				"self": {
					"href": "http://api.tvmaze.com/episodes/142993"
				}
			}
		}, {
			"id": "142994",
			"url": "http://www.tvmaze.com/episodes/142994/silicon-valley-2x04-the-lady",
			"name": "The Lady",
			"season": 2,
			"number": 4,
			"airdate": "2015-05-03",
			"airtime": "22:00",
			"airstamp": "2015-05-04T02:00:00+00:00",
			"runtime": 30,
			"image": {
				"medium": "http://static.tvmaze.com/uploads/images/medium_landscape/49/123620.jpg",
				"original": "http://static.tvmaze.com/uploads/images/original_untouched/49/123620.jpg"
			},
			"summary": "<p>Richard butts heads with Erlich over a prospective hire, while Dinesh and Gilfoyle become suspicious that a new employee they recommended is commanding a higher salary. Big Head gets a surprising promotion at Hooli. At a board meeting, Monica and Richard find themselves outvoted; Jared institutes a workplace harassment policy.</p>",
			"_links": {
				"self": {
					"href": "http://api.tvmaze.com/episodes/142994"
				}
			}
		}, {
			"id": "153965",
			"url": "http://www.tvmaze.com/episodes/153965/silicon-valley-2x05-server-space",
			"name": "Server Space",
			"season": 2,
			"number": 5,
			"airdate": "2015-05-10",
			"airtime": "22:00",
			"airstamp": "2015-05-11T02:00:00+00:00",
			"runtime": 30,
			"image": {
				"medium": "http://static.tvmaze.com/uploads/images/medium_landscape/10/27312.jpg",
				"original": "http://static.tvmaze.com/uploads/images/original_untouched/10/27312.jpg"
			},
			"summary": "<p>Gavin creates interference that hinders Pied Piper's expansion. Meanwhile, the guys could be threatened by a nosy neighbor; Guilfoyle sets out to build servers; Richard's reluctant to let Jared move in; and Big Head's leadership skills are suspect.</p>",
			"_links": {
				"self": {
					"href": "http://api.tvmaze.com/episodes/153965"
				}
			}
		}, {
			"id": "154580",
			"url": "http://www.tvmaze.com/episodes/154580/silicon-valley-2x06-homicide",
			"name": "Homicide",
			"season": 2,
			"number": 6,
			"airdate": "2015-05-17",
			"airtime": "22:00",
			"airstamp": "2015-05-18T02:00:00+00:00",
			"runtime": 30,
			"image": {
				"medium": "http://static.tvmaze.com/uploads/images/medium_landscape/49/123622.jpg",
				"original": "http://static.tvmaze.com/uploads/images/original_untouched/49/123622.jpg"
			},
			"summary": "<p>Erlich runs into an old protégé who's now an energy drink billionaire when Monica urges the guys to pursue a livestream opportunity, but Richard learns their friendship isn't what Erlich thinks it is. Meanwhile, Jared wants Carla and Monica to be friends.</p>",
			"_links": {
				"self": {
					"href": "http://api.tvmaze.com/episodes/154580"
				}
			}
		}, {
			"id": "155129",
			"url": "http://www.tvmaze.com/episodes/155129/silicon-valley-2x07-adult-content",
			"name": "Adult Content",
			"season": 2,
			"number": 7,
			"airdate": "2015-05-24",
			"airtime": "22:00",
			"airstamp": "2015-05-25T02:00:00+00:00",
			"runtime": 30,
			"image": {
				"medium": "http://static.tvmaze.com/uploads/images/medium_landscape/49/123623.jpg",
				"original": "http://static.tvmaze.com/uploads/images/original_untouched/49/123623.jpg"
			},
			"summary": "<p>The team fields job offers and Russ is distracted by financial news, but Richard realizes Pied Piper could fold if it doesn't merge with a hated rival. Meanwhile, Dinesh tries to woo a woman online; and Gavin looks on the bright side of Nucleus' failure.</p>",
			"_links": {
				"self": {
					"href": "http://api.tvmaze.com/episodes/155129"
				}
			}
		}, {
			"id": "155130",
			"url": "http://www.tvmaze.com/episodes/155130/silicon-valley-2x08-white-hatblack-hat",
			"name": "White Hat/Black Hat",
			"season": 2,
			"number": 8,
			"airdate": "2015-05-31",
			"airtime": "22:00",
			"airstamp": "2015-06-01T02:00:00+00:00",
			"runtime": 30,
			"image": {
				"medium": "http://static.tvmaze.com/uploads/images/medium_landscape/49/123624.jpg",
				"original": "http://static.tvmaze.com/uploads/images/original_untouched/49/123624.jpg"
			},
			"summary": "<p>Richard gets paranoid about security after he takes pity on a competitor and inadvertently starts a feud. Meanwhile, Jared fibs about Pied Piper's size; and Gavin looks for a scapegoat when he feels pressure from board members.</p>",
			"_links": {
				"self": {
					"href": "http://api.tvmaze.com/episodes/155130"
				}
			}
		}, {
			"id": "155199",
			"url": "http://www.tvmaze.com/episodes/155199/silicon-valley-2x09-binding-arbitration",
			"name": "Binding Arbitration",
			"season": 2,
			"number": 9,
			"airdate": "2015-06-07",
			"airtime": "22:00",
			"airstamp": "2015-06-08T02:00:00+00:00",
			"runtime": 30,
			"image": {
				"medium": "http://static.tvmaze.com/uploads/images/medium_landscape/49/123625.jpg",
				"original": "http://static.tvmaze.com/uploads/images/original_untouched/49/123625.jpg"
			},
			"summary": "<p>Erlich wants to testify when Pied Piper and Hooli enter binding arbitration, but Richard worries that his rival's claims could have merit. Meanwhile, Jared, Dinesh and Gilfoyle debate a philosophical theory; and Big Head gets a boost.</p>",
			"_links": {
				"self": {
					"href": "http://api.tvmaze.com/episodes/155199"
				}
			}
		}, {
			"id": "155200",
			"url": "http://www.tvmaze.com/episodes/155200/silicon-valley-2x10-two-days-of-the-condor",
			"name": "Two Days of the Condor",
			"season": 2,
			"number": 10,
			"airdate": "2015-06-14",
			"airtime": "22:00",
			"airstamp": "2015-06-15T02:00:00+00:00",
			"runtime": 30,
			"image": {
				"medium": "http://static.tvmaze.com/uploads/images/medium_landscape/49/123626.jpg",
				"original": "http://static.tvmaze.com/uploads/images/original_untouched/49/123626.jpg"
			},
			"summary": "<p>As the guys await the verdict on Pied Piper's fate, an unexpected real-life drama draws a spike in traffic to their livestream and leaves them fighting to hold things together - literally. While Erlich considers his future, Richard scrambles to save Pied Piper's.</p>",
			"_links": {
				"self": {
					"href": "http://api.tvmaze.com/episodes/155200"
				}
			}
		}, {
			"id": "560883",
			"url": "http://www.tvmaze.com/episodes/560883/silicon-valley-3x01-founder-friendly",
			"name": "Founder Friendly",
			"season": 3,
			"number": 1,
			"airdate": "2016-04-24",
			"airtime": "22:00",
			"airstamp": "2016-04-25T02:00:00+00:00",
			"runtime": 30,
			"image": {
				"medium": "http://static.tvmaze.com/uploads/images/medium_landscape/61/154297.jpg",
				"original": "http://static.tvmaze.com/uploads/images/original_untouched/61/154297.jpg"
			},
			"summary": "<p>After being unceremoniously fired, an angry Richard faces a tough decision: accept the diminished role of CTO, or leave Pied Piper for good. Erlich takes a shine to Jack Barker, Laurie's new choice of CEO, while Dinesh and Gilfoyle weigh their options in Richard's absence. At Hooli, Gavin tries to improve his image by admitting failure, and Big Head gets wind of major changes.</p>",
			"_links": {
				"self": {
					"href": "http://api.tvmaze.com/episodes/560883"
				}
			}
		}, {
			"id": "668661",
			"url": "http://www.tvmaze.com/episodes/668661/silicon-valley-3x02-two-in-the-box",
			"name": "Two in the Box",
			"season": 3,
			"number": 2,
			"airdate": "2016-05-01",
			"airtime": "22:00",
			"airstamp": "2016-05-02T02:00:00+00:00",
			"runtime": 30,
			"image": {
				"medium": "http://static.tvmaze.com/uploads/images/medium_landscape/55/138938.jpg",
				"original": "http://static.tvmaze.com/uploads/images/original_untouched/55/138938.jpg"
			},
			"summary": "<p>The new and improved Pied Piper impresses Dinesh and Gilfoyle, but worries Richard; Jared and Erlich both face housing issues; Gavin suggests a controversial move.</p>",
			"_links": {
				"self": {
					"href": "http://api.tvmaze.com/episodes/668661"
				}
			}
		}, {
			"id": "668662",
			"url": "http://www.tvmaze.com/episodes/668662/silicon-valley-3x03-meinertzhagens-haversack",
			"name": "Meinertzhagen's Haversack",
			"season": 3,
			"number": 3,
			"airdate": "2016-05-08",
			"airtime": "22:00",
			"airstamp": "2016-05-09T02:00:00+00:00",
			"runtime": 30,
			"image": {
				"medium": "http://static.tvmaze.com/uploads/images/medium_landscape/56/142406.jpg",
				"original": "http://static.tvmaze.com/uploads/images/original_untouched/56/142406.jpg"
			},
			"summary": "<p>Richard searches for a way around Jack; Gilfoyle opens himself up to recruiters; Dinesh draws unwanted attention from a recent purchase.</p>",
			"_links": {
				"self": {
					"href": "http://api.tvmaze.com/episodes/668662"
				}
			}
		}, {
			"id": "670680",
			"url": "http://www.tvmaze.com/episodes/670680/silicon-valley-3x04-maleant-data-systems-solutions",
			"name": "Maleant Data Systems Solutions",
			"season": 3,
			"number": 4,
			"airdate": "2016-05-15",
			"airtime": "22:00",
			"airstamp": "2016-05-16T02:00:00+00:00",
			"runtime": 30,
			"image": {
				"medium": "http://static.tvmaze.com/uploads/images/medium_landscape/58/145807.jpg",
				"original": "http://static.tvmaze.com/uploads/images/original_untouched/58/145807.jpg"
			},
			"summary": "<p>The Pied Piper guys struggle to phone it in; Erlich faces competition; Monica takes a stand; Gavin makes a decision about Nucleus.</p>",
			"_links": {
				"self": {
					"href": "http://api.tvmaze.com/episodes/670680"
				}
			}
		}, {
			"id": "670682",
			"url": "http://www.tvmaze.com/episodes/670682/silicon-valley-3x05-the-empty-chair",
			"name": "The Empty Chair",
			"season": 3,
			"number": 5,
			"airdate": null,
			"airtime": "22:00",
			"airstamp": "2016-05-23T02:00:00+00:00",
			"runtime": 30,
			"image": {
				"medium": "http://static.tvmaze.com/uploads/images/medium_landscape/59/147688.jpg",
				"original": "http://static.tvmaze.com/uploads/images/original_untouched/59/147688.jpg"
			},
			"summary": "<p>Richard lets his ego get in the way at an interview; Dinesh, Gilfoyle and Jared misplace hardware; Erlich pitches his plans to Big Head.</p>",
			"_links": {
				"self": {
					"href": "http://api.tvmaze.com/episodes/670682"
				}
			}
		}, {
			"id": "670681",
			"url": "http://www.tvmaze.com/episodes/670681/silicon-valley-3x06-bachmanity-insanity",
			"name": "Bachmanity Insanity",
			"season": 3,
			"number": 6,
			"airdate": "2016-05-29",
			"airtime": "22:00",
			"airstamp": "2016-05-30T02:00:00+00:00",
			"runtime": 30,
			"image": {
				"medium": "http://static.tvmaze.com/uploads/images/medium_landscape/60/150310.jpg",
				"original": "http://static.tvmaze.com/uploads/images/original_untouched/60/150310.jpg"
			},
			"summary": "<p>Richard's new relationship is threatened by neuroses; Big Head and Erlich's launch party has snags; Dinesh falls for a foreign coworker.</p>",
			"_links": {
				"self": {
					"href": "http://api.tvmaze.com/episodes/670681"
				}
			}
		}, {
			"id": "717453",
			"url": "http://www.tvmaze.com/episodes/717453/silicon-valley-3x07-to-build-a-better-beta",
			"name": "To Build a Better Beta",
			"season": 3,
			"number": 7,
			"airdate": "2016-06-05",
			"airtime": "22:00",
			"airstamp": "2016-06-06T02:00:00+00:00",
			"runtime": 30,
			"image": {
				"medium": "http://static.tvmaze.com/uploads/images/medium_landscape/61/152985.jpg",
				"original": "http://static.tvmaze.com/uploads/images/original_untouched/61/152985.jpg"
			},
			"summary": "<p>When the guys decide to release the beta version of Pied Piper, they receive an unexpected response. With a limited number of beta invites each, Dinesh worries about his lack of friends, while Gilfoyle looks to catch him in a lie. Monica worries about how to deliver criticism. Facing financial woes, Erlich considers a big decision, and Gavin challenges the Nucleus team to do the impossible.</p>",
			"_links": {
				"self": {
					"href": "http://api.tvmaze.com/episodes/717453"
				}
			}
		}, {
			"id": "729570",
			"url": "http://www.tvmaze.com/episodes/729570/silicon-valley-3x08-bachmans-earnings-over-ride",
			"name": "Bachman's Earning's Over-ride",
			"season": 3,
			"number": 8,
			"airdate": "2016-06-12",
			"airtime": "22:00",
			"airstamp": "2016-06-13T02:00:00+00:00",
			"runtime": 30,
			"image": {
				"medium": "http://static.tvmaze.com/uploads/images/medium_landscape/61/154296.jpg",
				"original": "http://static.tvmaze.com/uploads/images/original_untouched/61/154296.jpg"
			},
			"summary": "<p>Erlich struggles to come clean to Richard, who is forced to make a choice between their friendship and the company's future. Jared's new Pied Piper apparel makes a splash, and divides Dinesh and Gilfoyle. As Gavin faces major life changes, the guys celebrate a rare victory.</p>",
			"_links": {
				"self": {
					"href": "http://api.tvmaze.com/episodes/729570"
				}
			}
		}, {
			"id": "729571",
			"url": "http://www.tvmaze.com/episodes/729571/silicon-valley-3x09-daily-active-users",
			"name": "Daily Active Users",
			"season": 3,
			"number": 9,
			"airdate": "2016-06-19",
			"airtime": "22:00",
			"airstamp": "2016-06-20T02:00:00+00:00",
			"runtime": 30,
			"image": {
				"medium": "http://static.tvmaze.com/uploads/images/medium_landscape/62/155043.jpg",
				"original": "http://static.tvmaze.com/uploads/images/original_untouched/62/155043.jpg"
			},
			"summary": "<p>Upon discovering surprising stats, Richard attempts to bridge the gap between Pied Piper and its users, leading Jared to take drastic measures to hold everything together. Gavin learns secrets about the competition and decides to bring in a new face to reclaim his former glory.</p>",
			"_links": {
				"self": {
					"href": "http://api.tvmaze.com/episodes/729571"
				}
			}
		}, {
			"id": "729572",
			"url": "http://www.tvmaze.com/episodes/729572/silicon-valley-3x10-the-uptick",
			"name": "The Uptick",
			"season": 3,
			"number": 10,
			"airdate": "2016-06-26",
			"airtime": "22:00",
			"airstamp": "2016-06-27T02:00:00+00:00",
			"runtime": 30,
			"image": {
				"medium": "http://static.tvmaze.com/uploads/images/medium_landscape/64/161596.jpg",
				"original": "http://static.tvmaze.com/uploads/images/original_untouched/64/161596.jpg"
			},
			"summary": "<p>With Pied Piper's future in question, Erlich's publicity success leaves Richard in a moral quandary, just as Dinesh's video-chat app gathers speed. While Laurie prepares to jump ship, Gavin's comeback at Hooli is threatened by his displays of grandeur.</p>",
			"_links": {
				"self": {
					"href": "http://api.tvmaze.com/episodes/729572"
				}
			}
		}, {
			"id": "1069871",
			"url": "http://www.tvmaze.com/episodes/1069871/silicon-valley-4x01-success-failure",
			"name": "Success Failure",
			"season": 4,
			"number": 1,
			"airdate": "2017-04-23",
			"airtime": "22:00",
			"airstamp": "2017-04-24T02:00:00+00:00",
			"image": {
				"medium": "http://static.tvmaze.com/uploads/images/medium_landscape/108/271257.jpg",
				"original": "http://static.tvmaze.com/uploads/images/original_untouched/108/271257.jpg"
			},
			"summary": "<p>In the wake of Pied Piper's clickfarm scandal, the guys struggle to find funding for Pied Piper's video-chat app to keep up with their rapidly growing user base. Erlich faces resistance from Big Head's dad, while Gavin balks after Jack steps on his toes at Hooli. Having a hard time adjusting to his company's pivot, Richard gets sage advice from an unexpected source, leading him to a big idea that could change his future.</p>",
			"_links": {
				"self": {
					"href": "http://api.tvmaze.com/episodes/1069871"
				}
			}
		}, {
			"id": "1093340",
			"url": "http://www.tvmaze.com/episodes/1093340/silicon-valley-4x02-terms-of-service",
			"name": "Terms of Service",
			"season": 4,
			"number": 2,
			"airdate": "2017-04-30",
			"airtime": "22:00",
			"airstamp": "2017-05-01T02:00:00+00:00",
			"runtime": 30,
			"image": {
				"medium": "http://static.tvmaze.com/uploads/images/medium_landscape/109/274591.jpg",
				"original": "http://static.tvmaze.com/uploads/images/original_untouched/109/274591.jpg"
			},
			"summary": "<p>Richard butts heads with Dinesh, whose new position goes to his head. Later, Richard discovers interesting data about PiperChat's users. Erlich makes a play to be involved in Jian-Yang's new app; Jared sets ground rules in his friendship with Richard; Gavin's paranoia over Jack's enthusiasm causes him to make a rash decision.</p>",
			"_links": {
				"self": {
					"href": "http://api.tvmaze.com/episodes/1093340"
				}
			}
		}, {
			"id": "1119032",
			"url": "http://www.tvmaze.com/episodes/1119032/silicon-valley-4x03-intellectual-property",
			"name": "Intellectual Property",
			"season": 4,
			"number": 3,
			"airdate": "2017-05-07",
			"airtime": "22:00",
			"airstamp": "2017-05-08T02:00:00+00:00",
			"runtime": 30,
			"image": {
				"medium": "http://static.tvmaze.com/uploads/images/medium_landscape/110/277036.jpg",
				"original": "http://static.tvmaze.com/uploads/images/original_untouched/110/277036.jpg"
			},
			"summary": "<p>An overtired Richard pushes himself to the brink of sanity while trying to move ahead with his next big idea. Eyeing a comeback, Erlich pressures an uncooperative Jian-Yang. Monica sets a trap at Raviga to improve her standing with Laurie. Dinesh goes on a date; Big Head enters the world of academia; Gavin faces an unknown future.</p>",
			"_links": {
				"self": {
					"href": "http://api.tvmaze.com/episodes/1119032"
				}
			}
		}, {
			"id": "1119033",
			"url": "http://www.tvmaze.com/episodes/1119033/silicon-valley-4x04-teambuilding-exercise",
			"name": "Teambuilding Exercise",
			"season": 4,
			"number": 4,
			"airdate": "2017-05-14",
			"airtime": "22:00",
			"airstamp": "2017-05-15T02:00:00+00:00",
			"runtime": 30,
			"image": {
				"medium": "http://static.tvmaze.com/uploads/images/medium_landscape/111/279792.jpg",
				"original": "http://static.tvmaze.com/uploads/images/original_untouched/111/279792.jpg"
			},
			"summary": "<p>When Richard reaches out to an unlikely ally, Jared worries about the company he's keeping. Gilfoyle gets tough on security in the wake of Dinesh's latest dalliance; later, he considers whether to put his pride aside for a job. Concerned about Jian-Yang's commitment to his app, Erlich takes matters into his own hands.</p>",
			"_links": {
				"self": {
					"href": "http://api.tvmaze.com/episodes/1119033"
				}
			}
		}, {
			"id": "1151634",
			"url": "http://www.tvmaze.com/episodes/1151634/silicon-valley-4x05-the-blood-boy",
			"name": "The Blood Boy",
			"season": 4,
			"number": 5,
			"airdate": "2017-05-21",
			"airtime": "22:00",
			"airstamp": "2017-05-22T02:00:00+00:00",
			"runtime": 30,
			"image": {
				"medium": "http://static.tvmaze.com/uploads/images/medium_landscape/112/282428.jpg",
				"original": "http://static.tvmaze.com/uploads/images/original_untouched/112/282428.jpg"
			},
			"summary": "<p>Cracks in Richard's latest partnership become more apparent when he's forced to deal with an unexpected interloper. As things get more serious, Dinesh scrambles to find a way out of his new relationship. After learning of surprising developments afoot at Raviga, Monica has trouble deciding which horse to back.</p>",
			"_links": {
				"self": {
					"href": "http://api.tvmaze.com/episodes/1151634"
				}
			}
		}, {
			"id": "1151635",
			"url": "http://www.tvmaze.com/episodes/1151635/silicon-valley-4x06-customer-service",
			"name": "Customer Service",
			"season": 4,
			"number": 6,
			"airdate": "2017-05-28",
			"airtime": "22:00",
			"airstamp": "2017-05-29T02:00:00+00:00",
			"runtime": 30,
			"image": {
				"medium": "http://static.tvmaze.com/uploads/images/medium_landscape/114/285730.jpg",
				"original": "http://static.tvmaze.com/uploads/images/original_untouched/114/285730.jpg"
			},
			"summary": "<p>On the hunt for financial support, Richard looks outside the tech bubble, and crosses paths with a contentious figure from Pied Piper's past. Erlich reaches out to Monica and Laurie in search of a new endeavor. A launch gone wrong finds Dinesh and Gilfoyle at war as Jared tries to keep the peace.</p>",
			"_links": {
				"self": {
					"href": "http://api.tvmaze.com/episodes/1151635"
				}
			}
		}, {
			"id": "1151636",
			"url": "http://www.tvmaze.com/episodes/1151636/silicon-valley-4x07-the-patent-troll",
			"name": "The Patent Troll",
			"season": 4,
			"number": 7,
			"airdate": "2017-06-04",
			"airtime": "22:15",
			"airstamp": "2017-06-05T02:15:00+00:00",
			"runtime": 30,
			"image": {
				"medium": "http://static.tvmaze.com/uploads/images/medium_landscape/115/288264.jpg",
				"original": "http://static.tvmaze.com/uploads/images/original_untouched/115/288264.jpg"
			},
			"summary": "<p>When Richard decides to stand up to a patent troll, his defiance ends up coming back to haunt him. Gilfoyle goes to desperate measures to battle Jian-Yang's new smart fridge. Jared embraces multiple identities in his quest to reduce costs. Erlich tries to hang with the alpha males.</p>",
			"_links": {
				"self": {
					"href": "http://api.tvmaze.com/episodes/1151636"
				}
			}
		}, {
			"id": "1151637",
			"url": "http://www.tvmaze.com/episodes/1151637/silicon-valley-4x08-the-keenan-vortex",
			"name": "The Keenan Vortex",
			"season": 4,
			"number": 8,
			"airdate": "2017-06-11",
			"airtime": "22:00",
			"airstamp": "2017-06-12T02:00:00+00:00",
			"runtime": 30,
			"image": {
				"medium": "http://static.tvmaze.com/uploads/images/medium_landscape/116/291044.jpg",
				"original": "http://static.tvmaze.com/uploads/images/original_untouched/116/291044.jpg"
			},
			"summary": "<p>An unexpected increase in data traffic leads Richard to turn to Erlich for help in garnering a deal with Keenan Feldspar, Silicon Valley's latest \"it\" boy – but when Keenan makes a too-good-to-resist offer, Richard must weigh Pied Piper's future against a potential mutiny. Jack faces setbacks while preparing for Hooli-Con.</p>",
			"_links": {
				"self": {
					"href": "http://api.tvmaze.com/episodes/1151637"
				}
			}
		}, {
			"id": "1168582",
			"url": "http://www.tvmaze.com/episodes/1168582/silicon-valley-4x09-hooli-con",
			"name": "Hooli-Con",
			"season": 4,
			"number": 9,
			"airdate": "2017-06-18",
			"airtime": "22:00",
			"airstamp": "2017-06-19T02:00:00+00:00",
			"runtime": 30,
			"image": {
				"medium": "http://static.tvmaze.com/uploads/images/medium_landscape/117/293508.jpg",
				"original": "http://static.tvmaze.com/uploads/images/original_untouched/117/293508.jpg"
			},
			"summary": "<p>The Pied Piper guys try to pull off a stealth plan at Hooli-Con.</p>",
			"_links": {
				"self": {
					"href": "http://api.tvmaze.com/episodes/1168582"
				}
			}
		}, {
			"id": "II68583",
			"url": "http://www.tvmaze.com/episodes/1168583/silicon-valley-4x10-server-error",
			"name": "Server Error",
			"season": 4,
			"number": 10,
			"airdate": "2017-06-25",
			"airtime": "22:00",
			"airstamp": "2017-06-26T02:00:00+00:00",
			"runtime": 30,
			"image": {
				"medium": "http://static.tvmaze.com/uploads/images/medium_landscape/118/295689.jpg",
				"original": "http://static.tvmaze.com/uploads/images/original_untouched/118/295689.jpg"
			},
			"summary": "<p>Richard finds himself in a web of lies; Jared plans his exit; Jack bets big; Gavin plots a comeback.</p>",
			"_links": {
				"self": {
					"href": "http://api.tvmaze.com/episodes/1168583"
				}
			}
		}, {
			"id": "1387194",
			"url": "http://www.tvmaze.com/episodes/1387194/silicon-valley-5x01-grow-fast-or-die-slow",
			"name": "Grow Fast or Die Slow",
			"season": 5,
			"number": 1,
			"airdate": "2018-03-25",
			"airtime": "22:00",
			"airstamp": "2018-03-26T02:00:00+00:00",
			"runtime": 30,
			"image": {
				"medium": "http://static.tvmaze.com/uploads/images/medium_landscape/149/374260.jpg",
				"original": "http://static.tvmaze.com/uploads/images/original_untouched/149/374260.jpg"
			},
			"summary": "<p>Now that Pied Piper has ample funding and new offices, the pressure to get things right stymies Richard and forces him to grow the company in a way he hadn't planned. A picky Dinesh and Gilfoyle question their ability to make good decisions. After returning to Hooli, Gavin worries about becoming antiquated.</p>",
			"_links": {
				"self": {
					"href": "http://api.tvmaze.com/episodes/1387194"
				}
			}
		}, {
			"id": "1419259",
			"url": "http://www.tvmaze.com/episodes/1419259/silicon-valley-5x02-reorientation",
			"name": "Reorientation",
			"season": 5,
			"number": 2,
			"airdate": "2018-04-01",
			"airtime": "22:00",
			"airstamp": "2018-04-02T02:00:00+00:00",
			"runtime": 30,
			"image": {
				"medium": "http://static.tvmaze.com/uploads/images/medium_landscape/151/378576.jpg",
				"original": "http://static.tvmaze.com/uploads/images/original_untouched/151/378576.jpg"
			},
			"summary": "<p>Panicked by suddenly leading a much larger team, Richard finds himself managing a number of small conflicts in his efforts to unite his new employees. Dinesh celebrates a new purchase that Gilfoyle looks to spoil. Jian-Yang goes to court. Gavin meets pushback over his signature and what it says about him.</p>",
			"_links": {
				"self": {
					"href": "http://api.tvmaze.com/episodes/1419259"
				}
			}
		}, {
			"id": "1419260",
			"url": "http://www.tvmaze.com/episodes/1419260/silicon-valley-5x03-chief-operating-officer",
			"name": "Chief Operating Officer",
			"season": 5,
			"number": 3,
			"airdate": "2018-04-08",
			"airtime": "22:00",
			"airstamp": "2018-04-09T02:00:00+00:00",
			"runtime": 30,
			"image": {
				"medium": "http://static.tvmaze.com/uploads/images/medium_landscape/152/380370.jpg",
				"original": "http://static.tvmaze.com/uploads/images/original_untouched/152/380370.jpg"
			},
			"summary": "<p>Encouraged by Jared to strike up a friendship with Dana, a like-minded CEO, Richard instead finds himself charmed by Dana's COO, who challenges his loyalty to Gilfoyle. Facing limited housing options thanks to his impulse purchase, Dinesh searches for a new roommate.</p>",
			"_links": {
				"self": {
					"href": "http://api.tvmaze.com/episodes/1419260"
				}
			}
		}, {
			"id": "1436933",
			"url": "http://www.tvmaze.com/episodes/1436933/silicon-valley-5x04-tech-evangelist",
			"name": "Tech Evangelist",
			"season": 5,
			"number": 4,
			"airdate": "2018-04-15",
			"airtime": "22:00",
			"airstamp": "2018-04-16T02:00:00+00:00",
			"runtime": 30,
			"image": {
				"medium": "http://static.tvmaze.com/uploads/images/medium_landscape/152/381119.jpg",
				"original": "http://static.tvmaze.com/uploads/images/original_untouched/152/381119.jpg"
			},
			"summary": "<p>Attempting to woo a gaming company to PiperNet, Richard inadvertently angers a prized ally; Dinesh deals with a betrayal; in preparation for a big launch, Gavin leaves his underlings with a cryptic message; Jared gets inside information from Big Head.</p>",
			"_links": {
				"self": {
					"href": "http://api.tvmaze.com/episodes/1436933"
				}
			}
		}, {
			"id": "1436934",
			"url": "http://www.tvmaze.com/episodes/1436934/silicon-valley-5x05-facial-recognition",
			"name": "Facial Recognition",
			"season": 5,
			"number": 5,
			"airdate": "2018-04-22",
			"airtime": "22:15",
			"airstamp": "2018-04-23T02:15:00+00:00",
			"runtime": 30,
			"image": {
				"medium": "http://static.tvmaze.com/uploads/images/medium_landscape/152/381117.jpg",
				"original": "http://static.tvmaze.com/uploads/images/original_untouched/152/381117.jpg"
			},
			"summary": "<p>Overshadowed by Jared in an on-camera interview, Richard's confidence wavers further when Laurie and Monica force him to work with Eklow, a new artificial-intelligence company. Gilfoyle worries about the prospect of introducing AI into Pied Piper. Dinesh makes Jared self-conscious ahead of a second interview. Gavin questions his future beyond Hooli.</p>",
			"_links": {
				"self": {
					"href": "http://api.tvmaze.com/episodes/1436934"
				}
			}
		}, {
			"id": "1436935",
			"url": "http://www.tvmaze.com/episodes/1436935/silicon-valley-5x06-artificial-emotional-intelligence",
			"name": "Artificial Emotional Intelligence",
			"season": 5,
			"number": 6,
			"airdate": "2018-04-29",
			"airtime": "22:00",
			"airstamp": "2018-04-30T02:00:00+00:00",
			"runtime": 30,
			"image": {
				"medium": "http://static.tvmaze.com/uploads/images/medium_landscape/155/389559.jpg",
				"original": "http://static.tvmaze.com/uploads/images/original_untouched/155/389559.jpg"
			},
			"summary": "<p>Richard decides to help when Laurie gets in a jam, but his lack of emotional discipline threatens to backfire on Pied Piper. Gavin tries to make a deal with a stubborn partner while abroad. Dinesh relishes a rare win. Jared bonds with a surprising figure.</p>",
			"_links": {
				"self": {
					"href": "http://api.tvmaze.com/episodes/1436935"
				}
			}
		}, {
			"id": "1445226",
			"url": "http://www.tvmaze.com/episodes/1445226/silicon-valley-5x07-initial-coin-offering",
			"name": "Initial Coin Offering",
			"season": 5,
			"number": 7,
			"airdate": "2018-05-06",
			"airtime": "22:00",
			"airstamp": "2018-05-07T02:00:00+00:00",
			"runtime": 30,
			"image": {
				"medium": "http://static.tvmaze.com/uploads/images/medium_landscape/155/387703.jpg",
				"original": "http://static.tvmaze.com/uploads/images/original_untouched/155/387703.jpg"
			},
			"summary": "<p>As the Pied Piper guys prepare to close on their Series B funding, Richard receives some unsettling news. Gilfoyle suggests a risky proposition and Monica gets blunt with Richard. Dinesh goes to great lengths to compete with a coworker, while Jared keeps close watch on Richard's new assistant. In search of a better deal, Gavin tries to charm small-town America.</p>",
			"_links": {
				"self": {
					"href": "http://api.tvmaze.com/episodes/1445226"
				}
			}
		}, {
			"id": "1445227",
			"url": "http://www.tvmaze.com/episodes/1445227/silicon-valley-5x08-fifty-one-percent",
			"name": "Fifty-One Percent",
			"season": 5,
			"number": 8,
			"airdate": "2018-05-13",
			"airtime": "22:15",
			"airstamp": "2018-05-14T02:15:00+00:00",
			"runtime": 30,
			"image": {
				"medium": "http://static.tvmaze.com/uploads/images/medium_landscape/155/389554.jpg",
				"original": "http://static.tvmaze.com/uploads/images/original_untouched/155/389554.jpg"
			},
			"summary": "<p>The launch of PiperNet finds Monica suspicious of an early success, and the team must race against the clock as their future is threatened. Realizing he's made more enemies then friends, Richard makes a surprising move.</p>",
			"_links": {
				"self": {
					"href": "http://api.tvmaze.com/episodes/1445227"
				}
			}
		}, {
			"id": "1698000",
			"url": "http://www.tvmaze.com/episodes/1698000/silicon-valley-6x01-artificial-lack-of-intelligence",
			"name": "Artificial Lack of Intelligence",
			"season": 6,
			"number": 1,
			"airdate": "2019-10-27",
			"airtime": "22:00",
			"airstamp": "2019-10-28T02:00:00+00:00",
			"runtime": 30,
			"image": {
				"medium": "http://static.tvmaze.com/uploads/images/medium_landscape/217/543706.jpg",
				"original": "http://static.tvmaze.com/uploads/images/original_untouched/217/543706.jpg"
			},
			"summary": "<p>Richard discovers his promise to keep Pied Piper free from collecting user data is under threat. Jared finds himself missing his role as Richard's go-to guy and revisits the hacker hostel. Gilfoyle devises a creative way to deal with Dinesh's complaining.</p>",
			"_links": {
				"self": {
					"href": "http://api.tvmaze.com/episodes/1698000"
				}
			}
		}, {
			"id": "1730750",
			"url": "http://www.tvmaze.com/episodes/1730750/silicon-valley-6x02-blood-money",
			"name": "Blood Money",
			"season": 6,
			"number": 2,
			"airdate": "2019-11-03",
			"airtime": "22:00",
			"airstamp": "2019-11-04T03:00:00+00:00",
			"runtime": 30,
			"image": {
				"medium": "http://static.tvmaze.com/uploads/images/medium_landscape/218/545800.jpg",
				"original": "http://static.tvmaze.com/uploads/images/original_untouched/218/545800.jpg"
			},
			"summary": "<p>When Richard meets an interested investor with a sketchy past, he must weigh his integrity against a tempting financial offer. Jared seeks a new future, putting him at odds with Richard. A defiant Gilfoyle butts heads with HR over his lack of direct reports. Hoover and Denpok worry when Gavin explores alternative solutions to keep a leaner Hooli afloat.</p>",
			"_links": {
				"self": {
					"href": "http://api.tvmaze.com/episodes/1730750"
				}
			}
		}, {
			"id": "1730751",
			"url": "http://www.tvmaze.com/episodes/1730751/silicon-valley-6x03-hooli-smokes",
			"name": "Hooli Smokes!",
			"season": 6,
			"number": 3,
			"airdate": "2019-11-10",
			"airtime": "22:00",
			"airstamp": "2019-11-11T03:00:00+00:00",
			"runtime": 30,
			"image": {
				"medium": "http://static.tvmaze.com/uploads/images/medium_landscape/218/546788.jpg",
				"original": "http://static.tvmaze.com/uploads/images/original_untouched/218/546788.jpg"
			},
			"summary": "<p>The Pied Piper team races to close a major deal; Dinesh considers being a better person; an angry Jared reluctantly helps Richard.</p>",
			"_links": {
				"self": {
					"href": "http://api.tvmaze.com/episodes/1730751"
				}
			}
		}, {
			"id": "1732276",
			"url": "http://www.tvmaze.com/episodes/1732276/silicon-valley-6x04-maximizing-alphaness",
			"name": "Maximizing Alphaness",
			"season": 6,
			"number": 4,
			"airdate": "2019-11-17",
			"airtime": "22:00",
			"airstamp": "2019-11-18T03:00:00+00:00",
			"runtime": 30,
			"image": {
				"medium": "http://static.tvmaze.com/uploads/images/medium_landscape/221/554758.jpg",
				"original": "http://static.tvmaze.com/uploads/images/original_untouched/221/554758.jpg"
			},
			"summary": "<p>Richard's authority is threatened by his former Hooli manager; Monica tries to prove her support of other women; Gavin sets his sights on the literary world.</p>",
			"_links": {
				"self": {
					"href": "http://api.tvmaze.com/episodes/1732276"
				}
			}
		}, {
			"id": "1757882",
			"url": "http://www.tvmaze.com/episodes/1757882/silicon-valley-6x05-tethics",
			"name": "Tethics",
			"season": 6,
			"number": 5,
			"airdate": "2019-11-24",
			"airtime": "22:00",
			"airstamp": "2019-11-25T03:00:00+00:00",
			"runtime": 30,
			"image": {
				"medium": "http://static.tvmaze.com/uploads/images/medium_landscape/227/568829.jpg",
				"original": "http://static.tvmaze.com/uploads/images/original_untouched/227/568829.jpg"
			},
			"summary": "<p>Richard fumes at Gavin's new ethical stance; Dinesh's trip turns into a nightmare; Gilfoyle and Monica work on their peer review scores.</p>",
			"_links": {
				"self": {
					"href": "http://api.tvmaze.com/episodes/1757882"
				}
			}
		}, {
			"id": "1757883",
			"url": "http://www.tvmaze.com/episodes/1757883/silicon-valley-6x06-russfest",
			"name": "RussFest",
			"season": 6,
			"number": 6,
			"airdate": "2019-12-01",
			"airtime": "22:00",
			"airstamp": "2019-12-02T03:00:00+00:00",
			"runtime": 30,
			"image": {
				"medium": "http://static.tvmaze.com/uploads/images/medium_landscape/227/568817.jpg",
				"original": "http://static.tvmaze.com/uploads/images/original_untouched/227/568817.jpg"
			},
			"summary": "<p>A major event puts PiperNet's capabilities to the test; Monica confronts Jian-Yang over his use of Pied Piper's name.</p>",
			"_links": {
				"self": {
					"href": "http://api.tvmaze.com/episodes/1757883"
				}
			}
		}, {
			"id": "1757884",
			"url": "http://www.tvmaze.com/episodes/1757884/silicon-valley-6x07-exit-event",
			"name": "Exit Event",
			"season": 6,
			"number": 7,
			"airdate": "2019-12-08",
			"airtime": "22:05",
			"airstamp": "2019-12-09T03:05:00+00:00",
			"runtime": 48,
			"image": {
				"medium": "http://static.tvmaze.com/uploads/images/medium_landscape/230/576385.jpg",
				"original": "http://static.tvmaze.com/uploads/images/original_untouched/230/576385.jpg"
			},
			"summary": "<p>Richard and the Pied Piper team look to pull off a spectacular feat on the day of a big launch.</p>",
			"_links": {
				"self": {
					"href": "http://api.tvmaze.com/episodes/1757884"
				}
			}
		}]
	}
}